numero,dam_key,state_code,dam_name,dam_name_clean,state,municipality,latitude,longitude,altitude_m,basin_id,basin_name,hydro_region_id,hydro_region_name,namo_oficial_mm3,name_elev_msnm,name_oficial_mm3,namo_elev_msnm,altura_cortina_m,elev_corona_msnm,inicio_operacion,corriente,uso,tipo_vertedor,nombre_comun
1,NGRAG,AG,"El Niágara, Ags.",El Niágara,Aguascalientes,Aguascalientes,21.78,-102.371667,1828,191,Presa El Niágara,12,Lerma Santiago,16.18799973,1832.400024,31.69499969,1828.400024,31.5,1833.0,1963,R. Aguascalientes,RI,Libre,"El Niágara, Ags."
2,CDRAG,AG,"La Codorniz, Ags.",La Codorniz,Aguascalientes,Calvillo,21.9975,-102.676944,1783,204,Río Juchipila 1,12,Lerma Santiago,5.366000175,1837.76001,6.527999878,1836.0,36.0,1840.0,1966,R. De La Labor,RI,Libre,"La Codorniz, Ags."
3,MNLAG,AG,"Media Luna, Ags.",Media Luna,Aguascalientes,Calvillo,21.8075,-102.788333,1585,204,Río Juchipila 1,12,Lerma Santiago,15.0,1621.959961,21.19599915,1619.199951,40.6,1624.1,1976,R. Calvillo,RI,Libre,"Media Luna, Ags."
4,ABRAG,AG,"Abelardo L. Rodríguez, Ags.",Abelardo L. Rodríguez,Aguascalientes,Jesús María,21.916944,-102.427778,1974,191,Presa El Niágara,12,Lerma Santiago,15.997,1890.0,18.816,1888.88,25.0,1890.2,1934,R. Morcinique,RI,Libre,"Abelardo L. Rodríguez, Ags."
5,PTRAG,AG,"Derivadora Pabellón, Ags.",Derivadora Pabellón,Aguascalientes,Rincón de Romos,22.235,-102.4375,2090,189,Río San Pedro,12,Lerma Santiago,2.038000107,2093.0,2.099999905,2092.600098,35.0,2099.86,1931,R. San Pedro,RI,Libre,"Derecha Potrerillos, Ags."
6,ANVAG,AG,"Cincuenta Aniversario, Ags.",Cincuenta Aniversario,Aguascalientes,San José de Gracia,22.188611,-102.464167,2050,190,Presa Calles,12,Lerma Santiago,4.1,2088.57,5.039,2086.0,39.2,89.2,,Río Blanco,AP/RI,Libre,San José de Gracia
7,JCQAG,AG,"Jocoque, Ags.",Jocoque,Aguascalientes,San José de Gracia,22.121667,-102.356944,1970,189,Río San Pedro,12,Lerma Santiago,10.97500038,1943.400024,11.39999962,1942.449951,44.0,1944.95,1929,R. San Pedro,RI,Libre,"Derecha Jocoque, Ags."
8,PECAG,AG,"Plutarco Elías Calles, Ags.",Plutarco Elías Calles,Aguascalientes,San José de Gracia,22.141111,-102.417222,2020,190,Presa Calles,12,Lerma Santiago,358.121,2022.0,407.438,2020.0,67.0,2022.6,1931,R. Santiago,AP/RI,Libre,"Calles, Ags."
9,ELZBN,BN,"Emilio López Zamora, B.C.","Emilio López Zamora, B.C.",Baja California,Ensenada,31.890278,-116.6025,70,4,Ensenada-El Gallo,1,B.C.Noroeste,2.732000113,25.26000023,6.342000008,19.88999939,34.0,27.0,1978,A. Ensenada,AP,Libre,"Ensenada, B.C."
10,AURBN,BN,"Las Auras, B.C.","Las Auras, B.C.",Baja California,Tecate,32.544722,-116.531667,0,1,Tijuana,1,B.C.Noroeste,5.01,822.0,5.1,820.0,40.0,822.0,,A. Las Auras,AP,Libre,
11,ALRBN,BN,"Abelardo L. Rodríguez, B.C.","Abelardo L. Rodríguez, B.C.",Baja California,Tijuana,32.444722,-116.908333,120,1,Tijuana,1,B.C.Noroeste,76.9,125.0,121.392,115.85,72.0,127.0,1937,R. Tijuana,AP,Contr,"Tijuana, B.C."
12,CRRBN,BN,"El Carrizo, B.C.","El Carrizo, B.C.",Baja California,Tijuana,32.479444,-116.696944,495,1,Tijuana,1,B.C.Noroeste,40.86600113,286.2200012,44.58499908,284.7000122,55.8,288.34,1978,A. Carrizo,AP,Libre,"El Carrizo, B.C."
13,ANGCP,CP,"Doctor Belisario Domínguez, Chis.",Doctor Belisario Domínguez,Chiapas,Acala,16.401389,-92.778889,520,627,Presa Chicoasén,30,Grijalva-Usumacinta,13169.63,539.5,19736.4,533.0,147.0,543.0,1976,R. Grijalva,GH,Contr,"La Angostura, Chis."
14,JSBCP,CP,"Juan Sabines, Chis.",Juan Sabines,Chiapas,La Concordia,15.996389,-92.898611,1550,614,Presa La Concordia,30,Grijalva-Usumacinta,68.15000153,618.2700195,116.1100006,612.1199951,46.0,620.25,1981,R. Cuxtepeques,RI,Libre,"El Portillo II o Cuxtepeques, Chis."
15,PENCP,CP,"Ángel Albino Corzo, Chis.",Ángel Albino Corzo,Chiapas,Ostuacán,17.446111,-93.458611,50,638,Presa Peñitas,30,Grijalva-Usumacinta,215.041,95.5,578.63,87.4,58.0,98.0,1986,R. Grijalva,GH,Contr,"Peñitas, Chis."
16,CHICP,CP,"Manuel Moreno Torres, Chis.",Manuel Moreno Torres,Chiapas,Osumacinta,16.941667,-93.100556,710,627,Presa Chicoasén,30,Grijalva-Usumacinta,205.98,395.0,1318.6,392.5,261.0,405.0,1980,R. Grijalva,GH,Contr,"Chicoasén, Chis."
17,MALCP,CP,"Nezahualcóyotl, Chis.",Nezahualcóyotl,Chiapas,Tecpatán,17.178611,-93.598889,192,635,Presa Nezahualcóyotl,30,Grijalva-Usumacinta,9317.39,188.0,14056.32,182.5,138.0,192.0,,R. Grijalva o Mezcalapa,GH,Contr,"Malpaso, Chis."
18,LLNCH,CH,"Ing. Luis L. León, Chih.",Ing. Luis L. León,Chihuahua,Aldama,28.984444,-105.28,1055,413,Río Conchos 3,24,Bravo Conchos,284.382,1050.5,824.76181,1034.8,62.0,1053.0,1968,R. Conchos,RI,Contr,"Ing. Luis L. León, Chih."
19,PAZCH,CH,"Piedras Azules, Chih.",Piedras Azules,Chihuahua,Allende,27.249167,-105.211111,0,407,Río Parral,24,Bravo Conchos,8.712,1998.42,13.194,1996.5,22.0,2000.0,,Río Parral,RI,Libre,
20,LJSCH,CH,"Las Lajas, Chih.",Las Lajas,Chihuahua,Buenaventura,29.88,-107.025833,1565,715,Río del Carmen 1,34,Cuencas Centrales del Norte,83.26599884,1561.619995,106.5469971,1558.699951,47.0,1563.8,1964,R. El Carmen o Santa Clara,RI,Libre,"Las Lajas, Chih."
21,TNTCH,CH,"El Tintero, Chih.",El Tintero,Chihuahua,Buenaventura,29.5625,-107.384167,1729,711,Río Santa María 2,34,Cuencas Centrales del Norte,125.0749969,1709.030029,216.7030029,1703.0,56.0,1712.0,1950,R. Santa María,RI,Libre,"El Tintero, Chih."
22,CHUCH,CH,"Chihuahua, Chih.",Chihuahua,Chihuahua,Chihuahua,28.570556,-106.167778,1900,412,Río Chuviscar,24,Bravo Conchos,23.38299942,1544.280029,35.63100052,1540.819946,58.0,1546.0,1960,R.Â Chuviscar,AP,Libre,"Chihuahua, Chih."
23,ERECH,CH,"El Rejón, Chih.",El Rejón,Chihuahua,Chihuahua,28.614722,-106.119444,1480,413,Río Conchos 3,24,Bravo Conchos,6.528,1478.319946,7.755000114,1477.0,33.0,1479.8,1966,A. El Rejón,AP,Libre,"El Rejón, Chih."
24,PAGCH,CH,"Pico del Águila, Chih.",Pico del Águila,Chihuahua,Coronado,26.546389,-105.254167,0,406,Río Florido 3,24,Bravo Conchos,48.276,1619.0,59.843,1616.900024,42.0,1625.9,1993,R. Florido,RI,Libre,"Pico Del Aguila, Chih."
25,AGZCH,CH,"Abraham González, Chih.",Abraham González,Chihuahua,Guerrero,28.481667,-107.482778,2020,103,Río Yaqui 1,9,Sonora Sur,79.354,2051.300049,102.891,2047.800049,41.9,2052.9,1961,R. Papigochi,RI,Libre,"Guadalupe, Chih."
26,FIMCH,CH,"Francisco I. Madero, Chih.",Francisco I. Madero,Chihuahua,Rosales,28.166111,-105.628889,1300,410,Río San Pedro,24,Bravo Conchos,333.32,1242.560059,477.6220093,1239.3,57.0,1243.8,1949,R. San Pedro,RI,Libre,"Francisco I. Madero, Chih."
27,LBQCH,CH,"La Boquilla, Chih.",La Boquilla,Chihuahua,San Francisco de Conchos,27.544722,-105.414167,1323,409,Río Conchos 1,24,Bravo Conchos,2846.78,1319.1,3192.75,1317.0,82.0,1322.0,1916,R. Conchos,GH/RI,Libre,"Lago de Toronto, Chih."
28,CILAFLCMX,MX,"Internacional La Amistad, Coah.",Internacional La Amistad,Coahuila de Zaragoza,Acuña,29.45,-101.06,355,419,Río Bravo 5,24,Bravo Conchos,1351.63,93.482,1607.962,91.81,50.0,98.45,1953,R. Bravo,AP/RI,Contr,"Falcón, Tamps."
29,CNTCL,CL,"El Centenario, Coah.",El Centenario,Coahuila de Zaragoza,Jiménez,29.213611,-100.95,325,421,Arroyo de las Vacas,24,Bravo Conchos,24.5890007,336.3800049,25.711,336.1499939,17.0,338.0,1935,R. San Diego,RI,Libre,"El Centenario, Coah."
30,LFGCL,CL,"La Fragua, Coah.",La Fragua,Coahuila de Zaragoza,Jiménez,28.82,-100.832222,300,424,Río San Rodrigo,24,Bravo Conchos,47.29499817,303.96,85.37999725,300.2999878,24.7,306.68,1993,R. San Rodrigo,RI,Libre,"La Fragua, Coah"
31,SMGCL,CL,"San Miguel, Coah.",San Miguel,Coahuila de Zaragoza,Jiménez,29.034167,-100.953889,230,422,Río San Diego,24,Bravo Conchos,21.16799927,341.9599915,22.19300079,341.7399902,15.0,343.5,1935,R. San Diego,AP/RI,Libre,"San Miguel, Coah."
32,VCRCL,CL,"Venustiano Carranza, Coah.",Venustiano Carranza,Coahuila de Zaragoza,Juárez,27.515,-100.616111,272,431,Río Salado,24,Bravo Conchos,874.1,261.7999878,1322.372,259.24,38.86,265.8,1932,R. Sabinas,AP/RI,Contr,"Don Martín, Coah."
33,LDACM,CM,"Laguna de Amela, Col.",Laguna de Amela,Colima,Tecomán,18.809167,-103.774167,20,263,Coahuayana 2,16,Armería-Coahuayana,38.343,7.64,41.3,7.39,6.35,10.89,,Canal Bajo Amela y Dren Zanja,RI,Libre,"Tecomán, Col."
34,CBRDR,DR,"Caboraca, Dgo.",Caboraca,Durango,Canatlán,24.538333,-104.810278,0,148,Río La Sauceda,11,Presidio San Pedro,45.0,2001.280029,57.88000107,1998.25,37.0,2003.75,1992,R. La Sauceda,RI,Libre,"Canoas, Dgo."
35,FZRDR,DR,"Francisco Zarco, Dgo.",Francisco Zarco,Durango,Cuencamé,25.270833,-103.773611,1200,738,Presa Francisco Zarco,36,Nazas Aguanaval,309.24,1210.050049,383.1600037,1208.2,39.5,1213.0,1968,R. Nazas,RI,Contr,"Las Tórtolas, Dgo."
36,GVCDR,DR,"Presidente Guadalupe Victoria, Dgo.",Presidente Guadalupe Victoria,Durango,Durango,23.961111,-104.753056,1982,151,Río Durango,11,Presidio San Pedro,78.06,1934.61,94.617,1931.0,72.8,1934.8,1962,R. Tunal,RI,Mixto,"El Tunal, Dgo."
37,PAGDR,DR,"Peña del Águila, Dgo.",Peña del Águila,Durango,Durango,24.203889,-104.656667,1896,148,Río La Sauceda,11,Presidio San Pedro,27.948,1895.27002,54.902,1892.5,25.0,1896.8,1954,R. La Sauceda,RI,Libre,"Peña Del Aguila, Dgo."
38,SBYDR,DR,"Santiago Bayacora, Dgo.",Santiago Bayacora,Durango,Durango,23.874444,-104.675833,1900,150,Río Santiago Bayacora,11,Presidio San Pedro,130.0469971,1965.939941,169.8690033,1959.01001,66.75,1962.0,1990,R. Santiago Bayacora,RI,Libre,"Santiago Bayacora, Dgo."
39,LNRDR,DR,"Los Naranjos, Dgo.",Los Naranjos,Durango,General Simón Bolívar,24.613056,-103.306944,1650,747,Presa La Flor,36,Nazas Aguanaval,20.928,1661.089966,27.38999939,1658.400024,48.0,1663.0,1985,R. Santa Clara,RI,Libre,"Los Naranjos, Dgo."
40,SELDR,DR,"Santa Elena, Dgo.",Santa Elena,Durango,General Simón Bolívar,24.608333,-103.079722,2480,747,Presa La Flor,36,Nazas Aguanaval,15.08,2001.61,18.766,1999.8,30.75,2002.75,1977,R. Graseros,RI,Libre,"Santa Elena, Dgo."
41,APRDR,DR,"Ing. Benjamín Ortega Cantero, Dgo.",Ing. Benjamín Ortega Cantero,Durango,Hidalgo,26.226389,-104.493889,1400,733,Arroyo La India-Laguna Palomas,35,Mapimi,30.764,1434.099976,56.06000137,1430.199951,34.8,1436.4,1984,A. Grande del Derrame,RI,Libre,"Agua Puerca, Dgo."
42,VHGDR,DR,"Villa Hidalgo, Dgo.",Villa Hidalgo,Durango,Hidalgo,26.2425,-104.928889,1750,733,Arroyo La India-Laguna Palomas,35,Mapimi,23.08,1729.55,39.555,1726.23,34.2,1731.28,1977,A. Cerro Gordo,RI,Libre,"Villa Hidalgo, Dgo."
43,LCRDR,DR,"Lázaro Cárdenas, Dgo.",Lázaro Cárdenas,Durango,Indé,25.594167,-105.015833,1600,736,Presa Lázaro Cárdenas,36,Nazas Aguanaval,2770.51,1632.0,4278.541,1620.87,100.0,1635.0,1946,R. Nazas,RI,Contr,"El Palmito, Dgo."
44,SGBDR,DR,"San Gabriel, Dgo.",San Gabriel,Durango,Ocampo,26.436667,-105.560833,1739,404,Río Florido 1,24,Bravo Conchos,245.4309998,1783.390015,377.3380127,1777.900024,48.0,1785.6,1991,R. Florido,RI,Libre,"San Gabriel, Dgo."
45,FVLDR,DR,"Francisco Villa, Dgo.",Francisco Villa,Durango,Poanas,24.001667,-103.960833,1961,152,Río Poanas,11,Presidio San Pedro,73.26000214,1996.130005,96.56999969,1993.0,58.7,1998.7,1968,R. Poanas,RI,Libre,"El Bosque, Dgo."
46,TGRDR,DR,"El Tigre, Dgo.",El Tigre,Durango,San Juan de Guadalupe,24.563056,-102.785,0,747,Presa La Flor,36,Nazas Aguanaval,14.0,1580.12,18.56,1576.92,34.5,1581.62,,Arroyo El Tigre,RI,Libre,El Tigre
47,SLSGJ,GJ,"Solís, Gto.",Solís,Guanajuato,Acámbaro,20.055278,-100.669722,1879,174,Río Lerma 3,12,Lerma Santiago,800.0,1898.7,1214.14,1892.54,56.7,1901.7,1949,R. Lerma,RI,Contr,"Solis, Gto."
48,PNLGJ,GJ,"Peñuelitas, Gto.",Peñuelitas,Guanajuato,Dolores Hidalgo Cuna de la Independencia Nacional,21.105,-100.878333,1915,175,Río La Laja 1,12,Lerma Santiago,17.46,1907.29,30.169,1904.7,28.0,1908.2,1960,R. De la Erre,RI,Libre,"Peñuelitas, Gto."
49,PRSGJ,GJ,"La Purísima, Gto.",La Purísima,Guanajuato,Guanajuato,20.867222,-101.287778,1839,182,Río Lerma 5,12,Lerma Santiago,110.0,1860.7,181.926,1853.47,43.0,1863.0,,R. Guanajuato,RI,Contr,"La Purísima, Gto."
50,SLDGJ,GJ,"La Soledad, Gto.",La Soledad,Guanajuato,Guanajuato,21.04,-101.279722,2001,182,Río Lerma 5,12,Lerma Santiago,1.857,2209.149902,2.371000051,2207.75,51.0,2211.4,1956,R. Santa Ana,AP,Libre,"La Soledad, Gto."
51,EPLGJ,GJ,"El Palote, Gto.",El Palote,Guanajuato,León,21.173611,-101.678889,1856,182,Río Lerma 5,12,Lerma Santiago,9.643,1838.6,17.161,1836.15,20.5,1839.5,1954,R. De Los Gómez,AP,Libre,"El Palote, Gto."
52,GLNGJ,GJ,"La Golondrina, Gto.",La Golondrina,Guanajuato,Pénjamo,20.439167,-101.7425,1939,182,Río Lerma 5,12,Lerma Santiago,4.670000076,1837.119995,5.96999979,1835.199951,45.7,1838.7,1968,R. Penjamo,RI,Libre,"La Golondrina,Gto."
53,MABGJ,GJ,"Mariano Abasolo, Gto.",Mariano Abasolo,Guanajuato,Pénjamo,20.507222,-101.931111,1740,183,Río Lerma 6,12,Lerma Santiago,20.079,1753.08,23.946,1751.3,43.0,1755.0,1971,A. los Otates,RI,Libre,"San Antonio de Aceves, Gto."
54,IALGJ,GJ,"Ignacio Allende, Gto.",Ignacio Allende,Guanajuato,San Miguel de Allende,20.848056,-100.825833,1820,175,Río La Laja 1,12,Lerma Santiago,170.79,1833.33,241.41,1830.75,43.0,1834.7,1968,R. de la Laja,RI,Contr,"La Begoña, Gto."
55,LDYGJ,GJ,"Laguna de Yuriria, Gto.",Laguna de Yuriria,Guanajuato,Yuriria,20.286944,-101.073056,1736,179,Río Lerma 4,12,Lerma Santiago,278.79,1731.400024,325.1950073,1730.92,10.0,0.0,1550,R. Lerma,RI,Contr,"Bordo de Tavamatacheo, Gto."
56,AFIGR,GR,"Andrés Figueroa, Gro.",Andrés Figueroa,Guerrero,Ajuchitlán del Progreso,18.075833,-100.5175,387,277,Río Medio Balsas,18,Balsas,102.5,382.6099854,133.029,377.0,72.5,385.0,1984,R. Ajuchitán,RI,Libre,"Las Garzas, Gro."
57,VGRGR,GR,"Vicente Guerrero, Gro.",Vicente Guerrero,Guerrero,Arcelia,18.382778,-100.265833,0,277,Río Medio Balsas,18,Balsas,249.49,430.2999878,300.0,425.0,67.5,433.0,1968,R. Poliutla,AP/RI,Libre,"Palos Altos, Gro."
58,RMEGR,GR,"Revolución Mexicana, Gro.",Revolución Mexicana,Guerrero,Ayutla de los Libres,16.823611,-99.166111,80,320,Río Nexpa 1,20,Costa Chica de Guerrero,126.694,107.5899963,259.502,94.40000153,70.7,110.7,1984,R. Nexpa,RI,Libre,"El Guineo, Gro."
59,EGLGR,GR,"El Gallo, Gro.",El Gallo,Guerrero,Cutzamala de Pinzón,18.703056,-100.671111,400,277,Río Medio Balsas,18,Balsas,400.0390015,368.0,545.9660034,362.7799988,67.5,370.5,1998,R. Cutzamala,GH/RI,Libre,"El Gallo, Gro."
60,ECAGR,GR,"Ing. Carlos Ramírez Ulloa, Gro.",Ing. Carlos Ramírez Ulloa,Guerrero,General Heliodoro Castillo,17.947778,-99.995556,513,277,Río Medio Balsas,18,Balsas,1057.29,523.6,1183.23,521.0,126.0,526.0,1986,R. Balsas,GH,Contr,"El Caracol, Gro."
61,LDTGR,GR,"Laguna de Tuxpan, Gro.",Laguna de Tuxpan,Guerrero,Iguala de la Independencia,18.363333,-99.503056,20,277,Río Medio Balsas,18,Balsas,17.64699936,743.3499756,19.50300026,742.8400269,8.0,744.75,1937,Antiguo canal de riego,RI,Libre,"Laguna de Tuxpan, Gro."
62,VTRGR,GR,"Valerio Trujano, Gro.",Valerio Trujano,Guerrero,Tepecoacuilco de Trujano,18.295833,-99.466111,842,277,Río Medio Balsas,18,Balsas,31.014,842.7800293,51.727,840.0,33.3,844.3,1964,R. Tepecoacuilco,AP/RI,Libre,"Tepecoacuilco, Gro."
63,LCLGR,GR,"La Calera, Gro.",La Calera,Guerrero,Zirándaro,18.418611,-101.003056,239,281,Río Bajo Balsas,18,Balsas,9.393,122.6200027,34.1928,118.0,31.8,124.3,1964,R. Chiquito o El Oro,RI,Libre,"La Calera, Gro."
64,PRGHD,HD,"Javier Rojo Gómez, Hgo.",Javier Rojo Gómez,Hidalgo,Alfajayucan,20.359722,-99.329444,1860,561,Río Alfajayucan,26,Pánuco,39.99,1977.839,43.317,1976.84,60.0,1980.96,1979,R. Alfajayucan,RI,Contr,"La Peña, Hgo."
65,PVAHD,HD,"Vicente Aguirre, Hgo.",Vicente Aguirre,Hidalgo,Alfajayucan,20.435556,-99.375833,1870,561,Río Alfajayucan,26,Pánuco,17.799,1855.5,19.685,1854.9,27.0,1865.9,1954,R. Alfajayucan,RI,Libre,"Las Golondrinas, Hgo."
66,PERHD,HD,"La Esperanza, Hgo.",La Esperanza,Hidalgo,Cuautepec de Hinojosa,20.0575,-98.334722,2210,492,Río Grande de Tulancingo,26,Pánuco,3.920000076,2209.600098,4.199999809,2207.699951,28.7,2210.6,1943,R. Santa María,RI,Libre,"La Esperanza, Hgo."
67,ENDHD,HD,"Endhó, Hgo.",Endhó,Hidalgo,Tepetitlán,20.163889,-99.36,2048,562,Río Tula,26,Pánuco,182.9,2020.0,208.65,2018.0,60.0,2023.0,1951,R. Tula,RI,Libre,"Endhó, Hgo."
68,PRQHD,HD,"Requena, Hgo.",Requena,Hidalgo,Tula de Allende,19.963056,-99.310833,2109,558,Presa Endhó,26,Pánuco,51.57,2110.3,61.519,2109.0,38.0,2116.59,,R. Tula,RI,Mixto,"Requena, Hgo."
69,ZMPHD,HD,"Ing. Fernando Hiriart Balderrama, Hgo.",Ing. Fernando Hiriart Balderrama,Hidalgo,Zimapán,20.663333,-99.501111,1813,525,Embalse Zimapán,26,Pánuco,1390.0,1563.0,1460.0,1560.0,203.0,1565.0,1990,R. Moctezuma,GH,Contr,"Zimapán, Hgo."
70,REDJL,JL,"La Red, Jal.",La Red,Jalisco,Acatic,20.718889,-102.815278,1758,206,Río Santiago 1,12,Lerma Santiago,14.25,1794.699951,18.29999924,1792.5,24.0,1796.5,1968,R. Calderón,RI,Libre,"La Red, Jal."
71,HRTJL,JL,"Hurtado, Jal.",Hurtado,Jalisco,Acatlán de Juárez,20.466944,-103.651111,1400,222,Laguna Villa Corona A,12,Lerma Santiago,22.624,1462.66,22.624,1462.66,10.35,1464.0,1879,A. San Antonio,RI,Libre,"Valencia, Jal."
72,SRSJL,JL,"Manuel M. Dieguez, Jal.",Manuel M. Dieguez,Jalisco,Amatitán,20.908889,-103.705556,730,208,Presa Santa Rosa,12,Lerma Santiago,393.36,748.0,418.0,746.46,114.0,747.0,1964,R. Santiago,GH,Contr,"Santa Rosa, Jal."
73,POLJL,JL,"Ing. Guillermo Lugo Sanabria, Jal.",Ing. Guillermo Lugo Sanabria,Jalisco,Ayotlán,20.491111,-102.231944,1671,186,Río Lerma 7,12,Lerma Santiago,51.675,1665.0,56.15,1663.46,69.0,1669.1,1989,R. Huascato,RI,Libre,"La Pólvora, Jal."
74,TMLJL,JL,"Ramón Corona Madrigal General, Jal.",Ramón Corona Madrigal General,Jalisco,Ayutla,19.976111,-104.370278,1004,255,Corcovado,16,Armería-Coahuayana,250.0,1209.359985,324.0,1201.400024,107.0,1209.34,1993,R. Ayuquila,RI,Libre,"Trigomil, Jal."
75,LDCJL,JL,"Lago de Chapala, Jal.",Lago de Chapala,Jalisco,Chapala,20.290556,-103.201667,1523,186,Río Lerma 7,12,Lerma Santiago,8126.41,99.0,9279.71,98.0,0.0,0.0,,R. Lerma,AP,Libre,"Chapala, Jal."
76,CUQJL,JL,"Cuquío, Jal.",Cuquío,Jalisco,Cuquío,20.948056,-103.039444,1799,207,Río Santiago 2,12,Lerma Santiago,7.5,1806.579956,8.850000381,1805.5,24.0,1808.5,1967,A. Achichilco,RI,Libre,"Los Gigantes, Jal."
77,BBAJL,JL,"Basilio Vadillo, Jal.",Basilio Vadillo,Jalisco,El Limón,19.913611,-104.061111,824,256,Las Piedras,16,Armería-Coahuayana,124.75,978.97,146.888,974.35,96.0,982.8,1973,R. Tuxcacuesco,RI,Libre,"Las Piedras, Jal."
78,PLYJL,JL,"Ing. Alfredo Elías Ayub, Jal.",Ing. Alfredo Elías Ayub,Jalisco,Hostotipaquillo,21.196944,-104.105833,579,219,Río Santiago 4,12,Lerma Santiago,2292.92,578.0,2392.88,575.0,207.0,579.0,2012,R. Santiago,GH,Contr,"La Yesca, Jal."
79,ACHZC,ZC,"Achimec, Jal.",Achimec,Jalisco,Huejúcar,22.327222,-103.225278,1825,210,Río Tepetongo,12,Lerma Santiago,7.364,1844.27,12.212,1841.5,28.5,1846.3,,R. Huejúcar,RI,Libre,"Vaqueros, Jal."
80,CHLMC,MC,"Constitución de Apatzingán, Jal.",Constitución de Apatzingán,Jalisco,Jilotlán de los Dolores,19.287778,-102.774167,440,280,Río Tepalcatepec,18,Balsas,590.0250244,437.6799927,807.1500244,429.4500122,107.0,440.0,1990,R. Grande,RI,Libre,"Chilatán, Jal."
81,CRTJL,JL,"El Cuarenta, Jal.",El Cuarenta,Jalisco,Lagos de Moreno,21.497778,-101.7375,1998,192,Presa El Cuarenta,12,Lerma Santiago,30.625,2001.949951,38.95999908,1998.75,42.0,2004.0,1949,A. Azul,RI,Libre,"El Cuarenta, Jal."
82,SA1JL,JL,"La Sauceda, Jal.",La Sauceda,Jalisco,Lagos de Moreno,21.359167,-101.835556,1940,193,Río de Lagos,12,Lerma Santiago,16.0,1921.030029,21.5,1918.900024,38.1,1923.0,1982,R. La Sauceda,RI,Libre,"Garabatillos, Jal."
83,CRNJL,JL,"Corrinchis, Jal.",Corrinchis,Jalisco,Mascota,20.479722,-104.780833,0,241,Mascota,14,Río Ameca,20.0,1336.1,29.0,1332.6,38.0,1337.0,,Río Mascota,RI,Libre,Corrinchis
84,TRJCM,CM,"Solidaridad, Jal.",Solidaridad,Jalisco,Pihuamo,18.967222,-103.396667,291,261,Barreras,16,Armería-Coahuayana,203.388,301.11,285.742,292.37,87.0,303.6,1994,R. El Cajón,RI,Libre,"Trojes, Jal."
85,TENJL,JL,"Tenasco, Jal.",Tenasco,Jalisco,Santa María de los Ángeles,22.171944,-103.198611,1850,210,Río Tepetongo,12,Lerma Santiago,10.49,1724.839966,13.85000038,1722.849976,32.0,1777.0,1960,A. Tenasco,RI,Libre,"Boquilla de Zaragoza, Jal."
86,VEGJL,JL,"Ing. Santiago Camarena, Jal.",Ing. Santiago Camarena,Jalisco,Teuchitlán,20.596389,-103.845833,1260,234,Salado,14,Río Ameca,44.03499985,1258.859985,80.0,1257.0,18.0,1261.0,1960,R. Ameca,RI,Libre,"La Vega, Jal."
87,CPEJL,JL,"Cajón de Peña, Jal.",Cajón de Peña,Jalisco,Tomatlán,19.9975,-105.129722,132,246,Río Tomatlán A,15,Costa de Jalisco,500.0,139.2,707.62,131.66,68.0,142.0,1976,R. Tomatlán,RI,Contr,"Tomatlán, Jal."
88,TCTJL,JL,"Tacotán, Jal.",Tacotán,Jalisco,Unión de Tula,20.036111,-104.320278,1330,254,Tacotán,16,Armería-Coahuayana,149.2389984,1406.290039,169.0,1403.060059,68.5,1407.5,1960,R. Ayutla,RI,Libre,"Tacotán, Jal."
89,ESLJL,JL,"El Salto, Jal.",El Salto,Jalisco,Valle de Guadalupe,21.037222,-102.705,0,199,Río del Valle,12,Lerma Santiago,85.0,1812.5,118.54,1810.160034,42.0,1814.5,1940,R. El Salto,AP,Libre,"El Salto, Jal."
90,VCVJL,JL,"Vicente C. Villaseñor, Jal.",Vicente C. Villaseñor,Jalisco,Valle de Juárez,19.939722,-102.941667,0,280,Río Tepalcatepec,18,Balsas,14.43999958,1878.0,18.12000084,1877.0,18.0,1880.0,1950,R. Quitupan,RI,Libre,"Valle de Juárez, Jal."
91,ESTJL,JL,"El Estribón, Jal.",El Estribón,Jalisco,Yahualica de González Gallo,21.185556,-102.900556,0,200,Río Verde 1,12,Lerma Santiago,6.377999783,1881.410034,7.739999771,1880.0,29.0,1882.5,1946,A. Las Pilas,RI,Libre,"El Estribón, Jal."
92,CHLJL,JL,"Chila, Jal.",Chila,Jalisco,Zapotlán del Rey,20.489722,-102.944167,0,206,Río Santiago 1,12,Lerma Santiago,0.762,99.0,1.0,98.7,10.0,1525.88,1945,A. Chila,RI,Libre,"Chila, Jal."
93,LCLJL,JL,"La Colonia, Jal.",La Colonia,Jalisco,Zapotlán del Rey,20.43,-102.931944,0,206,Río Santiago 1,12,Lerma Santiago,5.775,103.4000015,6.5,103.0,6.0,0.0,1927,A. Los Sabinos,RI,Libre,"La Colonia, Jal."
94,EGCJL,JL,"Ing. Elías González Chávez, Jal.",Ing. Elías González Chávez,Jalisco,Zapotlanejo,20.680833,-102.976111,0,206,Río Santiago 1,12,Lerma Santiago,80.0,1620.0,100.0,1618.0,36.0,1622.0,1991,R. Calderón,AP,Libre,"Puente Calderón, Jal."
95,PMNMX,MX,"El Molino, Méx.","El Molino, Méx.",México,Aculco,20.124167,-99.739722,2740,486,Arroyo Zarco,26,Pánuco,7.686,2385.09,8.7,2384.39,12.0,2491.0,1980,A. Zarco,RI,Libre,"El Molino, Méx."
96,PNDMX,MX,"Ñadó, Méx.","Ñadó, Méx.",México,Aculco,20.038611,-99.864444,2500,487,Río Ðado,26,Pánuco,16.79999924,2475.5,18.5,2474.0,52.5,2477.5,1980,Río Ñadó,RI,Libre,"Ñadó, Méx."
97,PIRMX,MX,"Ignacio Ramírez, Méx.","Ignacio Ramírez, Méx.",México,Almoloya de Juárez,19.461667,-99.775,2557,171,Río La Gavia,12,Lerma Santiago,20.227,2550.47998,36.29999924,2548.44,23.5,2553.76,1965,R. La Gavia,RI,Libre,"La Gavia, Méx."
98,PFBMX,MX,"Francisco José Trinidad Fabela, Méx.","Francisco José Trinidad Fabela, Méx.",México,Atlacomulco,19.829167,-99.790278,2812,173,Río Lerma 2,12,Lerma Santiago,9.93,2697.800049,12.32,2696.699951,19.15,2697.5,1945,R. Del Salto,RI,Libre,"Islas de las Aves o El Salto, Méx."
99,GDLMX,MX,"Sierra de Guadalupe, Méx.","Sierra de Guadalupe, Méx.",México,Cuautitlán Izcalli,19.635556,-99.252222,2290,556,Río Cuautitlán,26,Pánuco,56.91,2306.820068,64.08,2305.199951,33.0,2308.75,1936,R. Cuautitlán,RI,Libre,"Guadalupe,Méx."
100,DNXMX,MX,"Danxhó, Méx.","Danxhó, Méx.",México,Jilotepec,19.884722,-99.559722,1249,558,Presa Endhó,26,Pánuco,31.046,2455.13,32.67,2454.0,31.0,2455.6,1951,R. Coscomate,RI,Libre,"Danxho, Méx."
101,PMDMX,MX,"Madín, Méx.","Madín, Méx.",México,Naucalpan de Juárez,19.526944,-99.260833,2325,555,Ciudad de México,26,Pánuco,9.37,2346.04,17.964,2336.29,75.0,2348.5,1959,R. Tlanepantla,AP,Contr,"Madín, Méx."
102,TPTMX,MX,"San Andrés Tepetitlán, Méx.","San Andrés Tepetitlán, Méx.",México,San Felipe del Progreso,19.660833,-99.961389,2584,172,Río Jaltepec,12,Lerma Santiago,59.9659996,2594.459961,81.02899933,2592.02002,35.0,2597.38,1964,R. San José,RI,Libre,"Tepetitlán,Méx."
103,SBBMX,MX,"José Antonio Alzate, Méx.","José Antonio Alzate, Méx.",México,Temoaya,19.465833,-99.704722,2571,173,Río Lerma 2,12,Lerma Santiago,35.31200027,2566.919922,52.50899887,2565.5,24.0,2567.0,1962,R. Lerma,RI,Libre,"San Bernabé, Méx."
104,CNPMX,MX,"La Concepción, Méx.","La Concepción, Méx.",México,Tepotzotlán,19.695,-99.304444,2360,556,Río Cuautitlán,26,Pánuco,12.111,2352.540039,12.599,2352.100098,39.0,2355.64,1949,R. Tepotzotlán,RI,Libre,"La Concepción, Méx."
105,HPNMX,MX,"Huapango, Méx.","Huapango, Méx.",México,Timilpan,20.046389,-99.696944,2623,486,Arroyo Zarco,26,Pánuco,121.3,2512.8,126.5,2512.65,14.0,2513.0,1765,Río Huapango,RI,Libre,"Huapango, Méx."
106,VBRMX,MX,"Valle de Bravo, Méx.","Valle de Bravo, Méx.",México,Valle de Bravo,19.2075,-100.18,2476,276,Río Cutzamala,18,Balsas,394.39,1833.0,449.42,1830.0,56.0,1835.37,1947,R. Valle de Bravo,AP,Libre,"Valle de Bravo, Méx."
107,TXMHD,HD,"Taxhimay, Méx.","Taxhimay, Méx.",México,Villa del Carbón,19.834722,-99.385278,0,557,Presa Requena,26,Pánuco,39.914,2216.1,47.386,2214.1,43.0,2217.05,1912,R. San Luis de las P,RI,Libre,"Taxhimay, Méx."
108,VVCMX,MX,"Villa Victoria, Méx.","Villa Victoria, Méx.",México,Villa Victoria,19.461667,-100.055556,2577,276,Río Cutzamala,18,Balsas,185.723,2607.5,249.943,2605.5,19.0,2561.96,1944,R. San Juan Malacate,AP,Libre,"Villa Victoria,Méx."
109,MOCMC,MC,"Melchor Ocampo, Mich.",Melchor Ocampo,Michoacán de Ocampo,Angamacutiro,20.127222,-101.724444,1720,181,Río Angulo,12,Lerma Santiago,194.4539948,1714.410034,249.8430023,1711.900024,34.0,1716.5,1975,R. AngÃºlo,RI,Libre,"El Rosario, Mich."
110,INFMC,MC,"Infiernillo, Mich.",Infiernillo,Michoacán de Ocampo,Arteaga,18.266667,-101.883333,194,281,Río Bajo Balsas,18,Balsas,9367.77,183.2,15194.8,169.0,151.5,184.0,1964,R. Balsas,GH,Contr,"Infiernillo, Mich."
111,TEPMC,MC,"Tepuxtepec, Mich.",Tepuxtepec,Michoacán de Ocampo,Contepec,20.000278,-100.229167,2380,173,Río Lerma 2,12,Lerma Santiago,449.97,2350.0,537.527,2348.11,47.0,2352.0,1930,R. Lerma,GH/RI,Contr,"Tepuxtepec, Mich."
112,SJUMC,MC,"San Juanico, Mich.",San Juanico,Michoacán de Ocampo,Cotija,19.839444,-102.651389,0,280,Río Tepalcatepec,18,Balsas,60.545,1604.56,71.69,1603.86,5.7,1574.6,1950,R. Cotija,RI,Libre,"La Laguna, Mich."
113,AGOMC,MC,"Agostitlán, Mich.",Agostitlán,Michoacán de Ocampo,Hidalgo,19.579722,-100.608889,2520,276,Río Cutzamala,18,Balsas,15.675,2377.84,18.754,2376.6,25.0,2379.0,1955,A. El Chaparro,RI,Libre,"Mata de Pinos, Mich."
114,PUCMC,MC,"Pucuato, Mich.",Pucuato,Michoacán de Ocampo,Hidalgo,19.621389,-100.684167,2486,276,Río Cutzamala,18,Balsas,9.485,2500.0,11.534,2499.0,15.0,2501.25,1946,A. Los Charcos,RI,Libre,"Pucuato, Mich."
115,SABMC,MC,"Sabaneta, Mich.",Sabaneta,Michoacán de Ocampo,Hidalgo,19.622778,-100.669444,2510,276,Río Cutzamala,18,Balsas,5.043,2508.95,5.875,2508.0,17.0,2494.9,1948,A. Los Charcos,RI,Libre,"Sabaneta, Mich."
116,AMEMC,MC,"Aristeo Mercado, Mich.",Aristeo Mercado,Michoacán de Ocampo,Jiménez,19.926111,-101.661111,1998,181,Río Angulo,12,Lerma Santiago,25.344,1993.8,28.305,1993.5,9.2,1999.83,1926,A. sin nombre,RI,Libre,"Wilson ,Mich."
117,CPAMC,MC,"Copándaro, Mich.",Copándaro,Michoacán de Ocampo,Jiquilpan,20.001667,-102.861389,1997,186,Río Lerma 7,12,Lerma Santiago,2.752,1989.209,9.717,1987.659,5.7,1999.0,1927,R. La Patera,RI,Libre,"Copándaro de Dolores, Mich."
118,LANMC,MC,"Los Ángeles, Mich.",Los Ángeles,Michoacán de Ocampo,José Sixto Verduzco,20.248889,-101.626667,1687,182,Río Lerma 5,12,Lerma Santiago,14.59,1688.45,17.096,1687.95,10.0,1689.95,,C. El Alto Las Cañas,RI,Libre,Tres Mezquites
119,ZICMC,MC,"Zicuirán, Mich.",Zicuirán,Michoacán de Ocampo,La Huacana,18.921111,-101.931944,0,281,Río Bajo Balsas,18,Balsas,36.29399872,301.4400024,47.48500061,299.0,46.0,302.75,1957,R. Zicuirán,RI,Libre,"La Peña, Mich."
120,VILMC,MC,"José María Morelos y Pavón, Mich.",José María Morelos y Pavón,Michoacán de Ocampo,Lázaro Cárdenas,18.048333,-102.180278,92,281,Río Bajo Balsas,18,Balsas,545.93,56.73,686.94,51.2,73.0,59.73,1973,R. Balsas,AP/GH/RI,Contr,"La Villita, Mich."
121,LDFMC,MC,"Laguna del Fresno, Mich.",Laguna del Fresno,Michoacán de Ocampo,Maravatío,19.838056,-100.406389,2078,174,Río Lerma 3,12,Lerma Santiago,10.299,2057.0,13.132,2055.98,8.8,2059.0,1946,R. Cachiví,RI,Libre,"Laguna del Fresno, Mich."
122,COIMC,MC,"Coíntzio, Mich.",Coíntzio,Michoacán de Ocampo,Morelia,19.629722,-101.259167,2096,188,Lago de Cuitzeo,12,Lerma Santiago,68.52,2001.319946,79.23300171,1999.47,46.0,1997.0,1939,R. Grande de Morelia,AP/RI,Contr,"Cointzio, Mich."
123,PTZMC,MC,"Pátzcuaro, Mich.",Pátzcuaro,Michoacán de Ocampo,Pátzcuaro,19.542778,-101.616944,2042,187,Lago de Pátzcuaro,12,Lerma Santiago,646.582,2042.35,1135.573,2038.57,,,,R. Jaripo,RI,Libre,"Pátzcuaro, Mich."
124,MLPMC,MC,"Malpaís, Mich.",Malpaís,Michoacán de Ocampo,Queréndaro,19.829167,-100.873611,1859,188,Lago de Cuitzeo,12,Lerma Santiago,18.512,1843.56,27.249,1842.530029,7.0,1830.96,1938,R. Quérendaro,RI,Mixto,"La Ciénega, Mich."
125,TMUMC,MC,"Tercer Mundo, Mich.",Tercer Mundo,Michoacán de Ocampo,Senguio,19.766389,-100.299167,2466,174,Río Lerma 3,12,Lerma Santiago,14.97200012,2428.580078,17.33200073,2427.580078,32.0,2431.2,1972,R. Chincua,RI,Libre,"Chincua, Mich."
126,LOLMC,MC,"Los Olivos, Mich.",Los Olivos,Michoacán de Ocampo,Tepalcatepec,19.210833,-102.865556,379,280,Río Tepalcatepec,18,Balsas,10.26200008,421.0,16.27099991,418.0,37.0,423.0,1961,Los Otates,RI,Libre,"Los Olivos, Mich."
127,UREMC,MC,"Urepetiro, Mich.",Urepetiro,Michoacán de Ocampo,Tlazazalca,19.962222,-102.137778,1807,184,Río Duero,12,Lerma Santiago,8.282,1745.68,10.923,1745.0,31.0,1752.5,1964,R. Tlazazalca,RI,Libre,"Urepetiro, Mich."
128,GUAMC,MC,"Guaracha, Mich.",Guaracha,Michoacán de Ocampo,Villamar,19.979167,-102.541389,1580,186,Río Lerma 7,12,Lerma Santiago,28.677,1580.11,29.79,1580.01,8.0,1596.72,1913,A. sin nombre,RI,Libre,"San Antonio, Mich."
129,JARMC,MC,"Jaripo, Mich.",Jaripo,Michoacán de Ocampo,Villamar,19.958333,-102.601944,1587,186,Río Lerma 7,12,Lerma Santiago,6.028,1580.42,9.265,1578.91,20.0,1548.5,1951,A. sin nombre,RI,Libre,"Jaripo, Mich."
130,DGNMC,MC,"De Gonzalo, Mich.",De Gonzalo,Michoacán de Ocampo,Vista Hermosa,20.304444,-102.436944,1534,186,Río Lerma 7,12,Lerma Santiago,8.837,1534.9,10.0,1533.88,10.0,1535.83,1890,A. sin nombre,RI,Libre,"De Gonzalo, Mich."
131,DBOMC,MC,"El Bosque, Mich.",El Bosque,Michoacán de Ocampo,Zitácuaro,19.387778,-100.421111,1909,276,Río Cutzamala,18,Balsas,202.4,1743.0,220.1,1741.4,70.0,1745.0,1954,Río San Juan,AP,Libre,"El Bosque, Mich."
132,RODMR,MR,"El Rodeo, Mor.",El Rodeo,Morelos,Miacatlán,18.765278,-99.331389,1200,271,Río Amacuzac,18,Balsas,26.98399925,1166.5,33.13700104,1164.199951,8.0,1166.5,1974,R. Tembembe,RI,Libre,"El Rodeo, Mor."
133,CJNNR,NR,"Leonardo Rodríguez Alcaine, Nay.",Leonardo Rodríguez Alcaine,Nayarit,Santa María del Oro,21.428333,-104.450833,0,219,Río Santiago 4,12,Lerma Santiago,2282.13,394.0,2393.11,391.0,186.0,394.5,2006,R. Santiago,GH,Contr,"Leonardo Rodríguez Alcáine, Nay."
134,AGMNR,NR,"Aguamilpa Solidaridad, Nay.",Aguamilpa Solidaridad,Nayarit,Tepic,21.839167,-104.802222,0,220,Río Santiago 5,12,Lerma Santiago,5785.16,232.0,6950.0,222.0,187.0,235.0,1993,R. Santiago,GH,Contr,"Aguamilpa, Nay."
135,RSRNR,NR,"Reguladora San Rafael, Nay.",Reguladora San Rafael,Nayarit,Tepic,21.8,-104.8,0,221,Río Santiago 6,12,Lerma Santiago,26.179,66.1,35.591,63.41,51.85,67.85,,Río Grande de Santiago,RI/GH,Contr,San Rafael
136,PSANL,NL,"Salinillas, N.L.","Salinillas, N.L.",Nuevo León,Anáhuac,27.429167,-100.372222,233,431,Río Salado,24,Bravo Conchos,19.01099968,232.0,19.01099968,232.0,10.0,0.0,1930,R. Salado,RI,Libre,"Salinillas, N.L."
137,CCHNL,NL,"Cuchillo Solidaridad, N.L.","Cuchillo Solidaridad, N.L.",Nuevo León,China,25.711667,-99.276944,145,436,Río San Juan 1,24,Bravo Conchos,1123.143,166.6600037,1784.292,162.35,44.0,169.2,1994,Río San Juan,AP/RI,Contr,"El Cuchillo, N.L."
138,CPRNL,NL,"José López Portillo, N.L.","José López Portillo, N.L.",Nuevo León,Linares,24.9375,-99.399722,270,472,Río Pablillo 2,25,San Fernando-Soto La Marina,300.0,285.5,393.0,282.52,50.0,288.0,1984,A. Pablillo - Hualauises,AP,Contr,"Cerro Prieto, N.L."
139,LBCNL,NL,"Rodrigo Gómez, N.L.","Rodrigo Gómez, N.L.",Nuevo León,Santiago,25.428056,-100.128056,460,436,Río San Juan 1,24,Bravo Conchos,39.49,449.2000122,42.657,448.54,34.0,450.04,1961,A. La Chueca - San Juan,AP,Contr,"La Boca, N.L."
140,CDOOX,OX,"Miguel de la Madrid Hurtado, Oax.",Miguel de la Madrid Hurtado,Oaxaca,San Lucas Ojitlán,17.999167,-96.263611,42,580,Río Santo Domingo,28,Papaloapan,2599.51,70.01,3547.16,64.86,70.0,75.6,1988,R. Papaloapan,CA,Contr,"Cerro de Oro, Oax."
141,YOSOX,OX,"Yosocuta, Oax.",Yosocuta,Oaxaca,San Marcos Arteaga,17.724444,-97.826111,1410,274,Río Mixteco,18,Balsas,47.226,1512.55,57.26,1509.7,53.7,1513.7,,Río Huajuapan,RI/AP,Libre,San Marcos Arteaga
142,TEMOX,OX,"Presidente Alemán, Oax.",Presidente Alemán,Oaxaca,San Miguel Soyaltepec,18.232222,-96.412222,80,581,Río Tonto,28,Papaloapan,8119.09,68.5,9105.54,66.5,76.0,74.79,1955,R. Papaloapan,GH,Contr,"Temascal, Oax."
143,JDMOX,OX,"Presidente Benito Juárez, Oax.",Presidente Benito Juárez,Oaxaca,Santa María Jalapa del Marqués,16.445556,-95.397778,180,366,Río Tehuantepec 1,22,Tehuantepec,720.317,139.8500061,1726.747,124.25,85.5,138.4,1961,R. Tehuantepec,RI,Libre,"Bordo Benito Juárez, Oax."
144,LLAHD,HD,"La Laguna, Hgo.",La Laguna,Puebla,Acaxochitlán,20.135556,-98.128333,2050,569,Río Cazones,27,Norte de Veracruz,40.638,2184.5,49.227,2183.0,19.0,2185.0,1903,A. Huitzilin,RI,Libre,"Tejocotal, Pue."
145,LREHD,HD,"Los Reyes, Hgo.",Los Reyes,Puebla,Acaxochitlán,20.174722,-98.131944,2260,569,Río Cazones,27,Norte de Veracruz,24.031,2167.0,29.263,2165.0,30.0,2168.5,1913,R. Omiltepec,RI,Libre,"Omiltepec, Pue."
146,TENPB,PB,"Tenango, Pue.",Tenango,Puebla,Huauchinango,20.199444,-97.983333,1260,570,Río Tecolutla,27,Norte de Veracruz,28.479,1351.4,46.576,1345.6,39.0,1353.0,1912,R. Coacuila,GH,Libre,"Tenango, Pue."
147,NNEPB,PB,"Necaxa, Pue.",Necaxa,Puebla,Juan Galindo,20.216667,-98.000556,1364,570,Río Tecolutla,27,Norte de Veracruz,29.055,1343.0,39.283,1338.0,59.0,1344.0,1908,R. Necaxa,GH,Libre,"Necaxa, Pue."
148,BDDPB,PB,"Manuel Ávila Camacho, Pue.",Manuel Ávila Camacho,Puebla,Puebla,18.9125,-98.108611,2060,275,Río Bajo Atoyac,18,Balsas,300.654,2062.0,391.489,2059.02,85.0,2064.0,1946,R. Atoyac,RI,Libre,"Valsequillo o Balcón del Diablo, Pue."
149,NEXPB,PB,"Nexapa, Pue.",Nexapa,Puebla,Tlaola,20.168333,-97.984722,1340,570,Río Tecolutla,27,Norte de Veracruz,12.5,1362.35,15.313,1360.0,44.0,1364.0,1912,R. Nexapa,GH,Libre,"Nexapa, Pue."
150,SOLPB,PB,"La Soledad, Pue.",La Soledad,Puebla,Tlatlauquitepec,19.960833,-97.446667,1590,570,Río Tecolutla,27,Norte de Veracruz,13.9,805.0,14.98,804.5,91.5,806.5,1962,R. Apulco y Xiucayucan,GH,Contr,"La Soledad, Pue."
151,IDFQT,QT,"San Ildefonso, Qro.",San Ildefonso,Querétaro,Amealco de Bonfil,20.198611,-99.9625,0,487,Río Ðado,26,Pánuco,47.812,2242.5,58.026,2239.0,62.7,2261.93,1942,Río San Juan,RI,Libre,"El Tepozán, Qro."
152,BATQT,QT,"El Batán, Qro.",El Batán,Querétaro,Corregidora,20.504167,-100.412222,1881,176,Río Querétaro,12,Lerma Santiago,5.791,1905.15,8.042,1902.1,45.5,1914.85,,Río El Pueblito,RI,Libre,Los Arcos
153,JLPQT,QT,"Jalpan, Qro.",Jalpan,Querétaro,Jalpan de Serra,21.230278,-99.479722,760,511,Río Santa María 3,26,Pánuco,8.12,784.55,11.56,780.55,41.0,785.0,,Río Jalpan,RI/AP,Libre,Jalpan
154,VNTQT,QT,"La Venta, Qro.",La Venta,Querétaro,Pedro Escobedo,20.498611,-100.190556,0,489,Río San Juan 1,26,Pánuco,2.47900009155273,1907.68005371094,3.77699995040894,1906.68005371094,4.3,1896.0,1907,Dren Culebra,RI,Libre,"La Venta, Qro."
155,CNSQT,QT,"Constitución de 1917, Qro.",Constitución de 1917,Querétaro,San Juan del Río,20.418611,-100.080278,1295,488,Río Galindo,26,Pánuco,66.08,1928.39,76.461,1927.06,35.0,1937.0,1969,Dren Caracol,RI,Contr,"Hidalgo, Qro."
156,LLAQT,QT,"La Llave, Qro.",La Llave,Querétaro,San Juan del Río,20.461944,-99.994722,0,489,Río San Juan 1,26,Pánuco,9.3120002746582,1891.09997558594,14.4139995574951,1890.0,5.0,0.0,1885,Dren Culebra,RI,Libre,"Divino Redentor, Qro."
157,CNTQT,QT,"El Centenario, Qro.",El Centenario,Querétaro,Tequisquiapan,20.513333,-99.897778,1820,489,Río San Juan 1,26,Pánuco,9.781,1882.5,14.178,1881.55,13.0,1898.0,1910,Río San Juan,RI,Mixto,"El Centenario, Qro."
158,ELOSL,SL,"Cañada del Lobo, S.L.P.","Cañada del Lobo, S.L.P.",San Luis Potosí,San Luis Potosí,22.094722,-100.9675,1929,756,Presa San José - Los Pilares y otras,37,El Salado,1.244,1962.1,2.161,1958.8,28.0,1963.7,1987,R. Españita,CA,Libre,"Cañada del Lobo, S.L.P."
159,ELPSL,SL,"Gonzalo N. Santos, S.L.P.","Gonzalo N. Santos, S.L.P.",San Luis Potosí,San Luis Potosí,22.092222,-101.098611,2115,756,Presa San José - Los Pilares y otras,37,El Salado,6.685,2047.87,9.054,2044.849976,39.0,2049.6,1953,A. Grande o Azul,AP,Libre,"El Peaje, S.L.P."
160,EPOSL,SL,"El Potosino, S.L.P.","El Potosino, S.L.P.",San Luis Potosí,San Luis Potosí,22.099722,-101.078056,1950,756,Presa San José - Los Pilares y otras,37,El Salado,3.292999983,2000.849976,5.198999882,1996.800049,30.85,2000.85,1990,A. El Potosino,RI,Libre,"El Potosino, S.L.P."
161,SNJSL,SL,"San José, S.L.P.","San José, S.L.P.",San Luis Potosí,San Luis Potosí,22.150278,-101.054444,1960,756,Presa San José - Los Pilares y otras,37,El Salado,5.223,1933.7,5.656,1933.3,32.0,1955.5,1903,R. Santiago,AP,Libre,"San José, S.L.P."
162,TIESL,SL,"La Muñeca, S.L.P.","La Muñeca, S.L.P.",San Luis Potosí,Tierra Nueva,21.629444,-100.548333,1778,509,Río Santa María 1,26,Pánuco,24.14,1841.75,31.0,1837.699951,40.25,1843.75,1981,Río Jofre,AP,Libre,"La Muñeca, S.L.P."
163,IVGSL,SL,"Valentín Gama, S.L.P.","Valentín Gama, S.L.P.",San Luis Potosí,Villa de Reyes,21.88,-100.820556,1789,508,Arroyo Altamira,26,Pánuco,9.510000229,1788.099976,22.39999962,1783.800049,24.0,1789.55,1970,R. Santa María,RI,Libre,"Ojo Caliente, S.L.P."
164,ALMSI,SI,"Adolfo López Mateos, Sin.",Adolfo López Mateos,Sinaloa,Badiraguato,25.101389,-107.388333,111,122,Río Humaya,10,Sinaloa,3086.610107,183.4799957,4034.52002,176.0,105.5,186.5,1964,R. Humaya,AP/RI,Libre,"El Humaya o El Varejonal, Sin."
165,LDCSI,SI,"Luis Donaldo Colosio, Sin.",Luis Donaldo Colosio,Sinaloa,Choix,26.844722,-108.367778,168,125,Río Fuerte 1,10,Sinaloa,3202.16,290.0,4567.08,274.0,164.75,290.75,1995,R. Fuerte,GH,Contr,"Huites, Sin."
166,JLPSI,SI,"José López Portillo, Sin.",José López Portillo,Sinaloa,Cosalá,24.571667,-106.807222,1470,121,Río San Lorenzo 2,10,Sinaloa,2580.19,286.9500122,3966.169922,272.16,136.0,290.0,1981,R. San Lorenzo,AP/GH/RI,Contr,"Comedero, Sin."
167,JGRSI,SI,"Juan Guerrero Alcocer, Sin.",Juan Guerrero Alcocer,Sinaloa,Culiacán,24.753611,-107.059444,0,124,Río Culiacán,10,Sinaloa,54.684,176.2799988,102.0,168.5,50.0,178.3,1994,A. El Bledal,RI,Libre,"Vinoramas, Sin."
168,SNLSI,SI,"Sanalona, Sin.",Sanalona,Sinaloa,Culiacán,24.815,-107.151389,170,124,Río Culiacán,10,Sinaloa,687.988,162.17,987.522,156.2,81.0,165.0,1948,R. Tamazula,AP/GH/RI,Libre,"Sanalona, Sin."
169,JORSI,SI,"Josefa Ortiz de Domínguez, Sin.",Josefa Ortiz de Domínguez,Sinaloa,El Fuerte,26.426944,-108.7025,300,128,Río Fuerte 2,10,Sinaloa,519.28,112.6500015,685.11,109.5,44.0,113.5,1967,A. Alamos,AP/RI,Contr,"El Sabino, Sin."
170,PMHSI,SI,"Miguel Hidalgo, Sin.",Miguel Hidalgo,Sinaloa,El Fuerte,26.509722,-108.58,300,128,Río Fuerte 2,10,Sinaloa,3096.63,148.0,4171.273,140.83,81.0,151.4,1956,R. Fuerte,AP/GH/RI,Mixto,"El Mahoné, Sin."
171,SLTSI,SI,"Ing. Aurelio Benassini Vizcaíno, Sin.",Ing. Aurelio Benassini Vizcaíno,Sinaloa,Elota,24.121944,-106.695833,35,114,Río Habitas,10,Sinaloa,403.9,164.6399994,815.592,154.5,73.0,167.1,1988,R. Elota,RI,Libre,"El Salto o Elota, Sin."
172,EBLSI,SI,"Lic. Eustaquio Buelna, Sin.",Lic. Eustaquio Buelna,Sinaloa,Salvador Alvarado,25.484722,-108.065556,0,119,Río Mocorito 2,10,Sinaloa,80.08,68.84999847,264.9500122,63.54,41.0,71.2,1972,R. Mocorito,AP/RI,Contr,"Guamúchil, Sin."
173,GBESI,SI,"Ing. Guillermo Blake Águilar, Sin.",Ing. Guillermo Blake Águilar,Sinaloa,Sinaloa,26.103611,-108.3275,150,132,Arroyo Ocoroni,10,Sinaloa,294.578,196.6100006,469.2,188.4499969,81.2,201.2,1985,A. Ocoroni,AP/RI,Libre,"El Sabinal, Sin."
174,GDOSI,SI,"Gustavo Díaz Ordaz, Sin.",Gustavo Díaz Ordaz,Sinaloa,Sinaloa,25.856667,-107.911111,1470,131,Río Sinaloa 1,10,Sinaloa,1618.751,252.5,2687.074,237.06,116.0,256.0,1981,R. Sinaloa,AP/GH/RI,Contr,"Bacurato, Sin."
175,ARCSO,SO,"Adolfo Ruíz Cortínes, Son.",Adolfo Ruíz Cortínes,Sonora,Álamos,27.226111,-109.106667,148,108,Río Mayo 2,9,Sonora Sur,1200.0,145.4700012,1822.141,138.46,88.5,148.0,1955,Río Mayo,AP/GH/RI,Mixto,"Mocúzari, Son."
176,AGCSO,SO,"Agua Caliente, Son.",Agua Caliente,Sonora,Cajeme,27.75,-109.887778,0,105,Río Yaqui 3,9,Sonora Sur,37.58,79.6,41.16,79.1,8.35,100.85,,Canal Alto Oviachic,RI,Libre,Dique 10
177,AOBSO,SO,"Álvaro Obregón, Son.",Álvaro Obregón,Sonora,Cajeme,27.8225,-109.8925,116,104,Río Yaqui 2,9,Sonora Sur,3023.14,112.1999969,4478.215,105.5,90.0,115.1,1952,R. Yaqui,AP/GH/RI,Libre,"Oviachic, Son."
178,IRASO,SO,"Ignacio R. Alatorre, Son.",Ignacio R. Alatorre,Sonora,Guaymas,28.426389,-110.396944,245,110,Río Mátape 1,9,Sonora Sur,16.15999985,102.7099991,29.69000053,100.0,30.0,105.0,1972,R. San Marcial o Mátape,RI,Libre,"Punta de Agua, Son."
179,ARLSO,SO,"Abelardo Rodríguez Lujan, Son.",Abelardo Rodríguez Lujan,Sonora,Hermosillo,29.076667,-110.92,230,100,Río Sonora 2,9,Sonora Sur,219.52,228.3999939,284.4700012,226.98,36.0,231.6,1948,R. Sonora,AP,Contr,"Hermosillo, Son."
180,PMOSO,SO,"Ing. Rodolfo Félix Valdés, Son.",Ing. Rodolfo Félix Valdés,Sonora,Hermosillo,29.2125,-110.725556,321,100,Río Sonora 2,9,Sonora Sur,121.202,293.4,222.47,289.36,31.4,295.4,,R. Sonora,AP,Libre,"El Molinito, Son."
181,LCDSO,SO,"Lázaro Cárdenas, Son.",Lázaro Cárdenas,Sonora,Nacozari de García,30.437778,-109.378889,860,102,Río Bavispe,9,Sonora Sur,703.3800049,840.1500244,1116.459961,830.7000122,91.75,843.75,1942,R. Bavispe,RI,Libre,"La Angostura, Son."
182,PECSO,SO,"Plutarco Elías Calles, Son.",Plutarco Elías Calles,Sonora,Soyopa,28.976667,-109.642222,2110,103,Río Yaqui 1,9,Sonora Sur,2833.07,296.8,3511.96,290.5,133.8,297.8,1964,R. Yaqui,GH,Contr,"El Novillo, Son."
183,CHTSO,SO,"Cuauhtémoc, Son.",Cuauhtémoc,Sonora,Tubutama,30.873333,-111.516389,590,92,Río Magdalena,8,Sonora Norte,41.47000122,600.25,66.33000183,597.0,57.2,603.0,1950,R. Altar,RI,Libre,"Santa Teresa, Son."
184,RSPTP,TP,"República Española, Tamps.",República Española,Tamaulipas,Aldama,23.259444,-97.991944,90,459,Río San Rafael 1,25,San Fernando-Soto La Marina,54.77999878,89.43000031,105.9899979,83.0,30.0,92.0,1974,A. San Pedro,AP,Libre,"Real Viejo o El Sombrero, Tamps."
185,MRGTP,TP,"Marte Rodolfo Gómez, Tamps.",Marte Rodolfo Gómez,Tamaulipas,Camargo,26.204722,-98.925556,272,438,Río San Juan 3,24,Bravo Conchos,781.7,83.0,2208.663,76.3,49.0,86.0,1946,Río San Juan,RI,Libre,"El Azúcar, Tamps."
186,ERCTP,TP,"Estudiante Ramiro Caballero Dorantes, Tamps.",Estudiante Ramiro Caballero Dorantes,Tamaulipas,González,22.605,-98.691667,50,542,Río Guayalejo 4,26,Pánuco,563.443,52.55,654.37,51.7,31.2,55.0,1976,A. Las Animas,AP/RI,Libre,"Las Animas, Tamps."
187,PJMTP,TP,"Pedro José Méndez, Tamps.",Pedro José Méndez,Tamaulipas,Hidalgo,24.2475,-99.555833,153,445,Río Purificación 1,25,San Fernando-Soto La Marina,31.26000023,449.3999939,38.36000061,447.2200012,55.0,453.0,1982,Río San Juan,RI,Libre,"Pedro J. Méndez, Tamps."
188,LBLTP,TP,"Derivadora Las Blancas, Tamps.",Derivadora Las Blancas,Tamaulipas,Mier,26.408889,-99.233611,51,433,Río Álamo,24,Bravo Conchos,83.784,91.80000305,133.43206,89.91999817,32.38,93.3,2000,R. Sombreretillo,RI,Libre,"Las Blancas, Tamps."
189,CILAAMSMX,MX,"Internacional Falcón, Tamps.",Internacional Falcón,Tamaulipas,Mier,26.56,-99.17,78,439,Río Bravo 12,24,Bravo Conchos,1769.66,349.03,2707.437,340.46,87.57,351.22,1968,R. Bravo,AP/RI,Contr,"La Amistad, Coah."
190,VGRTP,TP,"Vicente Guerrero, Tamps.",Vicente Guerrero,Tamaulipas,Padilla,23.959444,-98.666389,230,449,Área no aforada,25,San Fernando-Soto La Marina,3910.69,144.0399933,5498.22998,140.44,62.0,148.0,1967,R. Soto La Marina,AP/RI,Contr,"Las Adjuntas, Tamps."
191,TMPTP,TP,"Tampico, Tamps.",Tampico,Tamaulipas,Tampico,22.238333,-97.876111,40,543,Río Tamesí,26,Pánuco,676.0,1.4,854.0,1.0,,,,L. El Chairel,,Libre,"Tampico, Tamps."
192,SLZTP,TP,"Lic. Emilio Portes Gil, Tamps.",Lic. Emilio Portes Gil,Tamaulipas,Xicoténcatl,22.943889,-98.791389,140,539,Río Guayalejo 3,26,Pánuco,230.78,123.9000015,255.65,122.9499969,50.4,125.0,1983,A. El Sargento,AP/RI,Libre,"San Lorenzo, Tamps."
193,SJATL,TL,"San José Atlanga, Tlax.",San José Atlanga,Tlaxcala,Atlangatepec,19.556111,-98.200556,2498,270,Río Alto Atoyac,18,Balsas,42.63,2486.870117,47.97,2486.399902,24.2,2500.0,1959,R. Zahuapán,RI,Libre,"Atlanga,Tlax."
194,LDCVC,VC,"Canseco, Ver.",Canseco,Veracruz de Ignacio de la Llave,Catemaco,18.415833,-95.118333,254,583,Río San Juan,28,Papaloapan,493.02,333.5,552.7,332.7,7.2,334.5,1960,R. Grande,GH,Contr,"Laguna de Catemaco, Ver."
195,LCAVC,VC,"La Cangrejera, Ver.",La Cangrejera,Veracruz de Ignacio de la Llave,Coatzacoalcos,18.109444,-94.330833,24,606,Río Huazuntlán,29,Coatzacoalcos,28.53700066,21.64999962,31.60000038,21.25,15.87,23.87,1980,R. Teapa,AP,Libre,"La Crangrejera, Ver."
196,CHYVC,VC,"Paso de Piedras, Ver.",Paso de Piedras,Veracruz de Ignacio de la Llave,Pánuco,21.7375,-98.155833,40,545,Río Chicayán 1,26,Pánuco,249.97,28.28,572.32,23.64,34.0,32.25,1979,R. Chicayán,RI,Contr,"Chicayán, Ver."
197,PEMVC,VC,"Presa el Moralillo, Ver.",Presa el Moralillo,Veracruz de Ignacio de la Llave,Tepetzintla,21.184444,-97.814444,190,568,Río Tuxpan,27,Norte de Veracruz,2.5,115.94,8.126,110.78,15.5,116.0,,Río Buenavista,AP,Libre,Piedra Labrada
198,LREZC,ZC,"Gobernador Leobardo Reynoso, Zac.",Gobernador Leobardo Reynoso,Zacatecas,Fresnillo,23.179722,-103.207778,2101,745,Presa Cazadero,36,Nazas Aguanaval,95.717,2129.53,125.921,2127.35,40.34,2131.85,1946,R. San Francisco o Los Lazos,RI,Libre,"Trujillo, Zac."
199,STRZC,ZC,"Santa Rosa, Zac.",Santa Rosa,Zacatecas,Fresnillo,22.923611,-103.108889,2240,743,Presa Santa Rosa,36,Nazas Aguanaval,10.47599983,2249.639893,14.04100037,2248.639893,15.0,2250.19,1937,A. El Arenal,RI,Libre,"Santa Rosa, Zac."
200,PMOZC,ZC,"Moraleños, Zac.",Moraleños,Zacatecas,Jalpa,21.711111,-102.903611,1479,204,Río Juchipila 1,12,Lerma Santiago,20.932,1322.93,26.07,1318.96,47.05,1324.75,,Río Calvillo,RI,Libre,Moraleños
201,BTEZC,ZC,"Ramón López Velarde, Zac.",Ramón López Velarde,Zacatecas,Jerez,22.824167,-102.953333,2166,210,Río Tepetongo,12,Lerma Santiago,26.21999931,2098.159912,36.74399948,2096.0,30.0,2100.5,1975,R. Jeréz,RI,Libre,"Boca del Tesorero, Zac."
202,SGOZC,ZC,"Santiago, Zac.",Santiago,Zacatecas,Miguel Auza,24.290833,-103.506111,1990,747,Presa La Flor,36,Nazas Aguanaval,6.2,2000.26,11.421,1997.26,25.6,2001.8,,Río Santiago,RI,Libre,Santiago
203,STEZC,ZC,"Santa Teresa, Zac.",Santa Teresa,Zacatecas,Monte Escobedo,22.326667,-103.495833,1960,213,Río Bolaños 1,12,Lerma Santiago,9.172,1949.33,13.944,1946.0,31.6,1951.6,,Arroyo Santa Teresa,RI,Libre,Santa Teresa
204,ELCZC,ZC,"El Cazadero, Zac.",El Cazadero,Zacatecas,Río Grande,23.693056,-103.093611,1928,746,San Francisco,36,Nazas Aguanaval,22.178,1919.939941,44.68000031,1916.0,27.12,1920.12,1964,R. Aguanaval,RI,Libre,"El Cazadero, Zac"
205,CHIZC,ZC,"El Chique, Zac.",El Chique,Zacatecas,Tabasco,21.997222,-102.896111,1648,204,Río Juchipila 1,12,Lerma Santiago,138.9089966,1586.47998,192.5670013,1580.180054,61.0,1588.48,1958,R. Juchipila,RI,Libre,"El Chique, Zac."
206,EXCZC,ZC,"Miguel Alemán, Zac.",Miguel Alemán,Zacatecas,Tepechitlán,21.645833,-103.35,1740,211,Río Tlaltenango,12,Lerma Santiago,64.53,1704.5,70.91999817,1703.4,48.0,1707.0,1949,R. Tlaltenango,RI,Contr,"Excamé, Zac."
207,VILZC,ZC,"José María Morelos, Zac.",José María Morelos,Zacatecas,Tepechitlán,21.588889,-103.3375,1786,211,Río Tlaltenango,12,Lerma Santiago,9.017999649,1831.189941,11.16499996,1829.0,39.2,1833.2,1986,A. San Pedro,RI,Libre,"La Villita, Zac."
208,LOBZC,ZC,"Manuel Felgueres, Zac.",Manuel Felgueres,Zacatecas,Valparaíso,22.845278,-103.382778,1989,212,Arroyo Lobatos,12,Lerma Santiago,6.90500021,2080.179932,9.43500042,2077.050049,35.0,2082.3,1980,R. Cuevecillas,RI,Libre,"Lobatos, Zac."
209,PALZC,ZC,"Palomas, Zac.",Palomas,Zacatecas,Villanueva,22.347778,-102.798056,2025,202,Río Palomas,12,Lerma Santiago,4.62,1907.47998,8.761,1904.25,28.0,1908.34,1970,R. Palomas,RI,Libre,"Palomas, Zac."
210,TAYZC,ZC,"Ing. Julián Adame Alatorre, Zac.",Ing. Julián Adame Alatorre,Zacatecas,Villanueva,22.120556,-102.864167,1729,203,Presa El Chique,12,Lerma Santiago,31.59799957,1701.410034,50.3769989,1696.01001,54.3,1701.7,1976,R. Juchipila,RI,Libre,"Tayahua, Zac."
